rna_id	length	sequence
EG11269	51	ATGACACGCGTTCAATTTAAACACCACCATCATCACCATCATCCTGACTAG
EG11271	48	ATGAAACACATACCGTTTTTCTTCGCATTCTTTTTTACCTTCCCCTGA
EG11272	45	ATGAATGCTGCTATTTTCCGCTTCTTTTTTTACTTTAGCACCTGA
EG11274	45	ATGAAAGCAATTTTCGTACTGAAAGGTTGGTGGCGCACTTCCTGA
EG11276	75	ATGAATATCTTACATATATGTGTGACCTCAAAATGGTTCAATATTGACAACAAAATTGTCGATCACCGCCCTTGA
EG11277	66	ATGAAACGCATTAGCACCACCATTACCACCACCATCACCATTACCACAGGTAACGGTGCGGGCTGA
EG11280	87	ATGACTCACATCGTTCGCTTTATCGGTCTACTACTACTAAACGCATCTTCTTTGCGCGGTAGACGAGTGAGCGGCATCCAGCATTAA
G0-10439	90	GTGAGTGCAGGCGTGATAACCGGCGTATTGCTGGTGTTTTTATTACTGGGTTATCTGGTTTATGCCCTGATCAATGCGGAGGCGTTCTGA
G0-10580	87	ATGATACGCATTATCTCAAGAGCAAATTCTGTCACTTCTTCTAATGAAGTGAACCGCTTAGTAACAGGACAGATTCCGCATGACTGA
G0-10588	93	ATGTGGTATTTACTTTGGTTCGTCGGCATTTTGTTGATGTGTTCGCTCTCCACCCTTGTGTTGGTATGGCTGGACCCGCGTCTGAAAAGTTAA
G0-10641	51	ATGAATAACAGCACAAAATTCTGTTTCTCAAGATTCAGGACGGGGAACTAA
G0-10645	66	ATGAAACATATTCAAATCCGCAATAGTGATATGGACTGGCATATTGCTGCCAATAATCTGGGATAA
G0-10651	81	ATGAAAATTGCTGATCAATTTCATGATGAGTTATGTAGACTGGCCGCCATTAATTTTGAGGCACACGTACTACATGGCTGA
G0-10689	54	ATGGAACCTGATCCCACGCCTCTCCCTCGACGGAGATTAAAACTTTTCCGGTAA
